"","X","SITE","YEAR","ASPLAN","ASTAD","ATON","BARNAUP","BOSMI","BRACH","CATUNK","CENTRO","CONAUP","COPPART","CYP","DIAPH","EUPLO","EURY","EURYAM","EUTAUT","EVAD","FIDDLE","GAMMA","GASTL","GASTS","GLOB","HALIFOST","HALT","HARP","HEART","HEMICYC","HEXA","KERA","LABO","LEPTO","MNEMI","MUSSEL","MYRUB","NEOM","OITHON","PENIL","PLEOP","PODON","POLART","POLYESL","POLYLTL","POLYP","POLYPART","POLYPL","POLYS","PSEPEL","ROTAR","STROB","STROM","SYN","TEMOR","TFUR","TINTIN","TRICH","UNKCOP1","UNKCOP2","UNKCOP3","UNKPOLYAD","UNKZOEA","XANZOEA","AGLAC","ALEX","ANAB","AMPH","ANKIS","ASAN","AULA","BIDD","CALO","CERATA","CERAT","CERATL","CHDAN","CHDEC","CHDID","CHMIN","CHSUB","CHLAMY","CHROOC","COCCO","COSC","CRYPT","CYCLO","CYLCLO","CYMB","DINOB","DINOP","DINOT","DITBRI","EPITH","EUCZOD","EUG","FRAG","GOLEN","GOMPH","GONY","GUIN","GYM","GYMH","GYROD","GYROS","HAPTO","HAKASH","HROT","HTRI","KARLO","LDAN","LMIN","MALLO","MERIS","MOON","NAV","NITZ","OBLEA","ODON","OOCYS","OSCIL","OXMAR","OXYTOX","PARSUL","PERID","PHAC","PLIKE","PRAS","PROTO","PMIN","PMIC","POLYK","RAPH","RHIZ","SCEN","SCRIP","SKECO","SNOW","SUR","SYNED","TAB","THAL","TGRAV","TNORD","TPSEUD","TNIT","TRIB","UNKFLAG","TRIALT","PSEUDO"
"1",520102,2,1,83583,0,4250,19833,0,0,0,0,137417,0,0,0,0,7083,0,0,0,0,0,0,0,0,0,0,0,0,0,0,0,0,0,0,0,0,0,2833,0,0,0,0,9917,0,0,0,0,0,0,0,0,0,0,0,1417,0,0,0,0,0,0,0,0,13334,0,0,0,0,0,0,0,0,0,0,0,0,516,0,0,0,804,0,0,0,4028,179,0,0,0,0,0,80,0,0,80,0,0,0,0,0,0,0,0,0,0,0,487,80,0,179,0,0,0,0,169,0,0,0,0,3453,0,0,0,0,0,0,665,0,0,0,0,0,0,0,0,0,0,0,0,0,0,0,0,80,0,0,0,0,0
"2",520103,3,1,33000,0,7500,0,0,0,0,0,102000,0,0,0,0,3000,0,0,0,0,0,0,0,0,0,0,0,0,0,0,1500,0,0,0,0,0,0,0,0,0,0,0,0,0,0,0,3000,0,0,0,0,0,0,0,0,0,0,0,0,0,0,0,0,15223,0,0,0,0,142,0,0,0,0,0,0,0,284,635,0,0,514,0,0,80,3213,230,0,0,0,0,0,151,0,0,71,0,0,0,0,0,0,0,0,0,0,0,1140,71,0,80,380,0,0,0,443,0,0,0,0,0,0,0,0,0,0,0,142,0,71,0,0,0,71,0,0,0,0,0,0,0,0,0,0,0,0,0,0,0,0
"3",1020103,3,1,0,0,2389,0,0,0,0,0,4778,0,0,0,0,1194,0,0,0,0,0,0,0,0,0,0,0,0,0,0,5972,0,0,0,0,0,0,0,0,0,0,0,0,0,0,0,0,0,0,0,3583,0,0,0,0,0,0,0,0,0,0,0,0,0,0,0,0,0,0,0,0,0,0,0,0,0,0,0,0,0,4830,142,0,0,1633,0,0,0,0,0,0,0,0,0,71,0,0,0,0,0,0,0,0,0,0,71,0,0,0,0,0,0,0,0,71,0,0,0,0,0,0,0,0,0,0,71,0,0,71,0,0,0,0,0,0,0,0,0,0,0,0,0,0,0,0,0,0,0,0
"4",1120103,3,1,0,0,0,0,0,0,0,0,7667,0,0,0,0,0,0,0,0,0,0,0,0,0,0,0,0,0,0,0,14056,0,0,0,0,0,0,0,0,0,0,0,0,0,0,0,0,0,0,0,0,0,0,0,0,0,0,0,0,0,0,0,0,0,0,0,0,0,0,0,0,0,0,0,0,0,0,0,0,0,1989,0,0,0,710,0,0,0,0,0,0,0,0,0,71,0,0,0,0,0,0,0,0,0,142,71,284,0,0,0,0,0,0,0,0,0,0,0,0,284,0,0,0,0,0,0,0,0,0,0,0,0,0,0,0,142,0,0,0,0,0,0,0,0,0,0,0,0,0
"5",520105,5,1,20278,0,24333,2028,0,0,0,0,97333,0,0,0,0,10139,0,0,0,0,0,0,0,0,0,0,0,0,0,0,0,0,0,0,0,0,0,0,0,0,0,0,4056,0,0,0,4056,0,0,0,0,0,0,2028,0,0,0,0,0,0,0,0,0,14450,0,0,0,0,0,0,0,0,0,0,0,0,355,0,556,0,710,0,0,71,2498,293,0,0,0,0,0,151,0,0,159,0,0,0,0,0,0,0,0,0,0,0,318,0,0,0,823,0,0,0,80,0,0,0,0,0,0,0,0,0,0,0,71,0,0,0,0,80,71,0,0,0,0,0,0,0,0,284,0,389,0,0,0,0,0
"6",1020105,5,1,0,0,917,0,0,0,0,0,44917,917,0,0,0,12833,0,0,0,0,0,0,0,0,0,0,0,0,0,0,6417,0,0,0,0,0,0,0,0,0,0,0,0,0,0,0,0,0,0,0,0,0,0,0,0,0,0,0,0,0,0,0,0,0,0,0,0,0,0,0,0,0,0,0,0,0,0,0,284,0,5052,284,0,0,1923,0,0,0,0,0,0,0,0,0,143,0,0,0,0,0,0,0,0,0,0,213,71,0,0,0,426,0,0,0,0,0,0,0,0,1705,0,0,0,143,0,71,0,0,0,0,0,0,0,0,0,0,0,0,0,0,0,0,0,0,0,0,0,0,0
"7",820106,6,1,0,0,0,0,0,0,0,0,7000,0,0,0,0,0,0,0,0,0,0,0,1556,0,0,0,0,0,0,0,52889,0,0,0,0,0,0,0,0,0,0,0,0,0,0,778,0,0,778,0,0,0,0,0,0,0,0,0,0,0,0,0,0,0,0,0,0,0,0,0,0,0,0,0,0,0,0,0,142,0,994,2983,0,0,2131,0,0,0,0,0,0,0,0,0,71,0,0,0,0,0,0,71,0,0,0,568,0,0,0,0,0,0,0,0,71,0,0,0,0,0,0,0,0,0,0,0,781,71,0,0,0,0,0,0,0,0,0,0,0,0,0,0,0,0,0,0,0,0,0
"8",520111,1,2,55878,0,0,34478,0,0,0,0,174767,0,0,0,0,3567,0,0,0,0,0,0,0,0,0,0,0,0,0,0,0,0,0,0,0,0,0,0,0,0,0,0,1189,0,0,0,0,0,0,0,0,0,1189,0,0,0,0,0,0,0,0,0,0,343,0,0,0,71,0,130,0,0,0,0,0,0,0,0,0,0,7908,0,0,0,1141,0,0,0,0,0,0,0,0,0,65,0,0,0,65,0,0,0,0,0,195,0,390,65,0,0,0,0,0,0,0,65,0,0,0,0,0,0,0,0,0,65,142,0,0,0,0,0,0,0,0,0,0,0,0,0,0,0,0,0,414,0,0,0,0
"9",420113,3,2,20000,0,0,10680,0,0,0,0,22680,0,0,0,0,10640,0,0,0,0,0,0,0,0,0,0,0,0,0,0,0,0,0,0,0,0,0,12000,0,0,0,0,0,0,0,0,0,0,0,0,0,0,0,0,0,0,0,0,0,0,0,0,0,0,0,0,0,71,0,0,0,0,0,0,0,0,0,0,0,0,3971,0,0,0,2338,0,0,0,0,0,0,0,0,0,71,0,0,0,0,0,0,0,0,0,0,343,467,0,0,0,213,0,0,0,0,0,0,0,0,0,0,0,0,0,0,0,0,0,0,0,0,0,0,0,0,284,0,0,71,0,0,0,0,0,0,0,0,0,0
"10",720113,3,2,0,0,0,0,0,0,0,0,7222,0,0,0,0,0,0,0,0,0,0,0,0,0,0,0,0,0,0,0,0,0,0,0,0,0,0,0,0,0,0,0,0,1111,0,0,0,0,0,0,0,0,0,0,0,1111,0,0,0,0,0,0,0,0,0,0,0,0,0,0,0,0,0,0,0,0,0,0,0,0,20739,0,0,0,3409,568,568,0,0,0,0,0,0,0,568,0,0,0,0,0,0,0,0,0,0,0,0,0,0,0,26420,0,0,0,0,0,0,0,0,0,0,0,0,0,0,0,0,0,0,0,0,568,0,0,0,6534,0,0,0,0,0,0,0,0,0,0,0,0,0
"11",920115,5,2,0,0,2611,1130,0,0,0,0,15907,0,0,0,0,0,0,0,0,0,0,0,0,0,0,0,0,0,0,0,21678,0,0,0,0,0,0,0,0,0,0,0,0,0,0,0,0,0,0,0,0,0,0,0,0,0,0,0,0,0,0,0,0,0,0,0,0,0,0,0,0,0,0,0,0,0,0,0,189,0,3504,0,0,0,1231,0,0,0,0,0,0,0,0,0,0,0,0,0,0,0,0,0,0,0,0,0,0,0,0,0,379,0,0,0,0,0,0,0,0,379,0,0,0,0,0,0,0,0,0,0,0,284,0,0,0,0,0,0,0,0,0,0,0,0,0,0,0,0,0
"12",1120115,5,2,0,0,1606,1606,0,0,0,0,11239,0,0,0,0,0,0,0,0,0,0,0,0,0,0,0,0,0,0,0,3211,0,0,0,0,0,0,0,0,0,0,0,0,0,0,0,0,0,0,0,0,0,0,0,0,0,0,0,0,0,0,0,0,0,0,0,0,0,0,0,0,0,0,0,0,0,0,0,0,0,189,0,0,0,284,0,0,0,0,0,0,0,0,0,0,0,0,0,0,0,0,0,0,0,0,0,0,0,0,0,0,0,0,0,0,0,0,0,0,0,0,0,0,0,47,0,0,0,0,0,0,0,0,0,47,0,0,0,0,0,0,0,0,47,0,0,0,0,0
"13",520116,6,2,18111,0,22639,2264,0,0,0,0,92819,0,0,0,0,2264,0,0,0,0,0,0,0,0,0,0,0,0,0,0,0,0,0,0,0,0,0,0,0,0,0,0,0,0,0,0,0,0,0,0,0,0,0,0,2264,0,0,0,0,0,0,0,0,1749,0,0,0,0,0,0,0,0,0,0,0,0,1847,0,0,0,5031,0,0,1420,3637,0,0,0,0,71,0,0,0,0,65,0,0,0,0,71,0,0,0,0,136,0,266,266,331,0,0,0,0,0,0,0,0,0,0,0,0,0,0,71,0,0,1104,0,130,0,0,0,0,0,0,0,0,0,0,0,0,0,0,0,0,0,0,0,0
"14",720116,6,2,0,0,3783,0,0,0,0,0,22700,0,0,0,0,0,0,0,0,0,0,0,0,0,0,0,0,0,0,0,0,0,0,0,0,0,0,0,0,0,0,0,5675,1261,0,0,631,0,0,0,0,0,0,0,0,0,0,0,0,0,0,0,0,0,0,0,0,0,0,0,0,0,0,0,0,0,0,0,0,0,12322,0,0,0,2369,711,237,0,0,0,0,0,0,0,0,0,0,0,236,0,0,0,0,0,0,0,0,0,0,0,4265,0,0,0,0,0,0,0,0,0,0,0,0,237,0,0,237,0,474,0,0,0,0,0,0,4739,0,0,0,0,0,0,0,0,0,0,0,0,0
"15",1020121,1,3,0,0,0,0,0,0,0,0,24278,0,0,0,0,5111,0,0,0,0,0,0,0,0,0,0,0,0,0,0,1278,0,0,0,0,0,0,0,0,0,0,0,0,0,0,0,0,0,0,0,0,0,0,0,0,0,0,0,0,0,0,0,0,0,0,0,0,0,0,0,0,0,0,0,0,0,8809,0,0,0,5966,0,0,284,426,0,1136,0,0,0,0,0,0,0,0,0,0,0,0,0,0,0,0,0,0,1420,0,0,0,0,0,0,0,0,0,0,0,0,0,0,0,0,0,0,0,0,0,0,0,0,0,142,284,0,0,0,0,0,0,0,0,0,0,0,284,0,0,710,0
"16",620122,2,3,0,0,0,0,0,0,0,0,7333,0,0,0,0,1833,0,0,0,0,0,0,0,0,0,0,0,0,0,0,0,0,0,0,0,0,0,0,0,0,0,0,0,0,0,0,0,0,0,0,0,0,0,0,0,0,0,0,0,0,0,0,0,0,0,0,0,0,0,0,0,0,0,0,0,0,0,0,0,0,189,0,0,0,261,0,0,0,0,0,0,0,0,0,0,0,0,0,0,0,0,0,0,0,0,118,0,0,0,0,0,0,0,0,0,0,0,0,0,0,0,0,0,47,0,0,0,0,0,0,0,0,0,0,0,0,0,0,0,0,0,0,0,0,0,0,0,0,0
"17",1020122,2,3,0,0,2500,0,0,0,0,0,8750,0,0,0,0,1250,0,0,0,0,0,0,0,0,0,0,0,0,0,0,0,0,0,0,0,0,0,0,0,0,0,0,0,0,0,0,0,0,0,0,0,0,0,0,0,0,0,0,0,0,0,0,0,0,0,0,0,0,0,0,0,0,0,0,0,0,8523,0,0,0,4829,0,0,0,2273,0,0,0,0,0,0,0,0,0,142,0,0,0,0,0,0,0,0,0,0,284,0,0,0,0,0,0,0,0,0,0,0,0,0,0,0,142,0,0,0,0,142,0,0,0,0,0,426,0,0,0,0,0,0,0,0,0,0,0,284,0,0,0,0
"18",520124,4,3,0,0,8278,0,0,0,0,0,82778,0,0,0,0,3311,0,0,0,0,0,0,0,0,0,0,0,0,0,0,3311,0,0,0,0,0,0,0,0,0,9933,0,1656,1656,0,0,3311,0,0,0,0,0,1656,0,0,0,0,0,0,0,0,0,0,57,0,0,0,0,0,0,0,0,0,0,0,0,0,0,0,0,568,0,0,0,398,0,0,0,0,0,0,0,0,0,0,0,0,0,0,0,0,0,0,0,0,0,0,0,0,0,0,0,0,0,57,0,0,0,0,0,0,0,0,0,227,0,0,0,284,0,0,0,0,0,0,0,0,0,0,57,0,0,0,284,0,0,0,0,0
"19",620124,4,3,0,0,1722,0,0,0,0,0,108500,0,0,0,0,0,0,0,0,0,0,0,0,0,0,0,0,0,0,0,0,0,0,0,0,0,0,1722,0,0,0,0,0,8611,0,0,0,0,0,0,0,0,0,0,0,27556,0,0,0,0,0,0,0,0,0,0,0,0,0,0,0,0,0,0,0,0,0,0,0,0,8263,0,0,0,781,0,0,0,0,0,0,0,0,0,71,0,0,0,0,0,0,0,0,0,0,4498,0,0,0,0,0,0,0,0,0,0,0,0,0,0,0,0,0,0,95,0,71,0,0,0,0,0,0,0,0,0,0,0,0,0,0,0,0,47,0,0,0,0,0
"20",920124,4,3,0,0,0,0,0,0,0,0,54056,0,0,0,0,0,0,0,0,0,0,0,0,0,0,0,0,0,0,0,0,0,0,0,0,0,0,0,0,0,0,0,0,11583,0,0,0,0,0,0,0,0,0,0,0,0,0,0,0,0,0,0,0,0,0,0,0,0,0,0,0,0,0,0,0,0,0,0,0,0,4502,0,0,0,1659,0,1896,0,0,0,0,0,0,0,0,0,0,0,0,0,0,0,237,0,0,0,0,0,0,0,474,0,0,0,0,0,0,0,0,0,0,0,0,0,0,0,0,0,0,0,0,0,237,0,0,0,0,0,0,0,0,0,0,0,0,0,0,0,0
"21",620125,5,3,0,0,7867,0,0,0,0,0,26222,0,0,0,0,0,0,0,0,0,0,0,0,0,0,0,0,0,0,0,0,0,0,0,0,0,0,0,0,0,0,0,0,2622,0,0,0,0,0,0,0,0,0,0,0,0,0,0,0,0,0,0,0,0,0,0,0,0,0,0,0,0,0,0,0,0,0,0,0,0,10908,0,0,0,696,0,0,0,0,0,0,0,0,0,0,0,0,0,0,0,142,0,0,0,0,3233,0,0,0,0,0,0,0,0,0,0,0,0,0,0,0,0,0,0,0,0,0,0,0,0,0,0,0,0,0,0,0,0,0,0,0,0,0,0,0,0,0,0,0
"22",420126,6,3,0,0,8847,0,0,0,0,0,45500,0,0,0,0,0,0,0,0,0,0,0,0,0,0,0,2528,0,0,0,0,0,0,0,0,0,0,0,0,0,0,0,1264,1264,0,0,0,0,0,0,0,0,0,0,1264,0,0,0,0,0,0,0,0,710,0,0,0,0,0,0,0,0,0,0,0,0,0,0,0,0,781,0,0,142,355,142,0,0,0,0,0,71,0,0,0,0,0,0,0,0,71,0,0,0,0,0,0,0,0,0,0,0,0,0,0,0,0,0,0,994,0,0,0,0,0,0,71,0,0,0,0,284,0,0,0,0,0,0,0,0,0,0,0,71,0,0,0,0,0
"23",1020126,6,3,0,0,0,0,0,0,0,0,34639,0,0,0,0,13694,0,0,0,0,0,0,0,0,0,0,0,0,0,0,0,0,0,0,0,0,0,0,0,0,0,0,0,0,0,0,0,0,0,0,0,0,0,0,0,0,0,0,0,0,0,0,0,0,0,0,0,0,0,0,0,0,0,0,0,0,11445,0,0,418,1504,0,0,334,0,0,167,0,0,0,0,167,0,0,0,0,0,0,0,0,0,0,0,0,0,0,0,0,0,501,0,0,0,0,0,0,0,167,0,0,0,0,0,0,0,0,0,0,0,0,0,0,167,0,0,0,0,0,0,0,0,0,0,0,0,0,0,418,1921
"24",720131,1,4,0,0,0,0,0,0,0,0,51750,0,0,0,0,0,0,0,0,0,0,0,0,0,0,0,0,0,0,0,0,0,0,0,0,0,0,0,0,0,0,0,0,23000,0,0,0,0,0,0,0,0,0,0,0,0,0,0,0,0,0,0,0,0,0,0,0,0,0,0,0,0,0,0,0,0,0,0,0,0,0,6548,0,0,0,2024,0,0,0,119,0,0,0,0,0,0,0,0,0,0,0,0,0,0,0,0,0,3571,0,0,0,0,714,0,0,0,119,0,0,0,0,0,0,0,0,0,0,0,0,0,0,0,0,0,0,0,0,0,0,0,0,0,0,0,0,0,238,0,0
"25",720132,2,4,0,0,0,0,0,0,0,0,7667,0,0,0,0,0,0,0,0,0,0,0,0,0,0,0,0,0,0,0,0,0,0,0,0,0,0,0,0,0,0,0,19167,7667,0,0,0,0,0,0,0,0,0,0,0,0,0,0,0,0,0,0,0,0,0,0,0,0,0,0,0,0,0,0,0,0,0,0,0,0,0,6000,0,0,0,1714,1714,0,0,0,0,0,0,0,0,0,286,0,0,0,0,0,0,0,0,0,0,0,1143,0,0,0,1714,0,0,0,286,0,0,0,0,0,0,0,0,0,0,0,0,0,0,0,0,0,0,0,0,0,0,0,0,0,0,0,0,0,0,0,0
"26",920132,2,4,0,0,0,4167,0,0,0,0,0,0,0,0,0,0,0,0,0,0,0,0,0,0,0,0,0,0,0,0,0,0,0,0,0,0,0,0,0,0,0,0,0,0,0,0,0,0,0,0,0,0,0,0,0,4167,0,0,0,0,0,0,0,0,0,0,0,0,0,0,0,0,0,0,0,0,0,0,0,1571,0,7143,0,0,429,571,0,0,0,0,0,0,0,0,0,0,0,0,0,0,0,0,0,0,0,0,0,0,0,0,0,0,2286,0,0,0,143,0,0,0,0,4571,0,0,0,0,0,0,0,0,0,0,0,0,0,0,0,0,0,0,0,0,0,0,0,0,0,0,286
"27",720133,3,4,0,0,0,0,0,0,0,0,31500,0,0,0,0,0,0,0,0,0,0,0,0,0,0,0,0,0,0,0,0,0,0,0,0,0,0,0,0,0,0,0,13500,0,0,0,0,0,0,0,0,0,0,0,0,0,0,0,0,0,0,0,0,0,0,0,0,0,0,0,0,0,0,0,0,0,0,794,0,0,0,4127,0,0,0,635,476,0,0,0,0,0,0,0,0,0,159,0,0,0,0,0,0,0,0,0,0,635,0,0,0,0,317,0,0,0,0,0,0,0,0,0,0,0,0,159,0,0,0,0,0,0,159,0,0,0,0,0,0,0,0,0,0,0,0,0,0,0,0
"28",420134,4,4,0,0,93417,4917,0,0,0,0,9833,0,0,0,0,0,0,0,0,0,0,0,0,0,0,0,0,0,0,0,0,0,0,0,0,0,0,0,0,0,0,0,9833,0,0,0,0,0,0,0,0,0,0,0,0,0,0,0,0,0,0,0,0,288,0,0,0,0,0,0,0,0,0,216,0,0,0,1104,72,0,24,0,0,24,984,0,0,0,0,0,0,0,0,0,0,0,0,0,0,0,0,0,0,0,0,0,0,120,0,0,600,0,0,0,0,0,0,0,0,0,0,0,0,0,0,0,0,0,24,0,0,0,336,0,0,3336,0,0,0,0,0,768,0,120,3888,0,0,0,576
"29",620134,4,4,0,0,0,6250,0,0,0,0,9375,0,0,0,0,0,0,0,0,0,0,0,0,0,0,0,0,0,0,0,0,0,0,0,0,0,0,0,0,0,0,0,18750,9375,0,0,0,0,0,0,0,21667,0,0,0,0,0,0,0,0,0,0,0,0,0,0,0,0,0,0,0,0,0,0,0,0,24,0,0,0,48,0,0,0,144,72,24,0,0,0,0,0,0,0,0,0,0,0,0,0,0,0,0,0,0,7704,0,0,0,0,1728,0,0,0,0,0,0,0,0,0,0,0,0,0,0,0,0,0,0,0,0,0,24,0,0,792,0,0,0,0,0,408,0,0,0,0,0,0,0
"30",720134,4,4,0,0,0,0,0,0,0,0,4432,0,0,0,0,0,0,0,0,0,0,0,0,0,0,0,0,0,0,0,0,0,0,0,0,0,0,0,0,0,0,0,0,0,0,0,0,0,0,0,0,0,0,0,0,0,0,0,0,0,0,0,0,0,0,0,0,0,0,0,0,0,0,0,0,0,0,0,0,3857,0,11571,0,0,0,3429,571,0,0,286,0,143,0,0,0,0,0,0,0,0,0,0,0,0,0,0,0,2286,0,0,0,0,12143,0,0,0,0,0,0,0,0,714,0,0,0,0,0,0,286,143,143,286,0,0,0,0,0,0,0,0,0,0,0,0,0,0,0,0,0
"31",820134,4,4,0,0,0,0,0,0,0,0,6750,0,0,0,0,0,0,0,0,0,0,0,0,0,0,0,0,0,0,0,0,0,0,0,0,0,0,0,0,0,0,0,9000,0,0,0,0,0,0,0,0,0,0,0,0,0,0,0,0,0,0,0,0,0,0,0,0,0,0,0,0,0,0,0,0,0,0,0,0,0,0,21190,0,0,0,2143,0,0,0,238,0,0,0,0,0,0,238,0,0,0,0,0,0,0,0,0,0,0,0,0,0,0,0,0,0,0,0,0,0,0,0,74286,0,0,0,0,0,0,0,0,0,0,0,0,0,0,0,0,0,0,0,0,0,0,0,0,714,0,0
"32",520135,5,4,0,0,1750,1750,0,0,0,0,17375,0,0,0,0,875,0,0,0,0,0,0,0,0,0,0,0,0,0,0,0,0,0,0,0,0,0,0,0,0,0,0,875,0,0,0,0,0,0,0,47083,18833,0,0,0,0,0,0,0,0,0,0,0,0,0,0,0,24,0,0,0,0,0,0,0,0,0,0,0,0,204,0,0,36,516,0,0,0,0,0,0,0,0,0,48,0,0,0,0,0,0,0,0,0,0,48,36,732,0,0,528,0,0,0,12,120,12,0,0,0,0,0,0,12,0,12,12,0,60,0,0,0,0,0,156,564,0,0,0,0,0,36,0,0,0,0,0,0,0
"33",620135,5,4,0,0,0,0,0,0,0,0,13000,0,0,0,0,0,0,0,0,0,0,0,0,0,0,0,0,0,0,0,0,0,0,0,0,0,0,0,0,0,0,0,6500,0,0,0,0,0,0,0,0,10916,0,0,0,0,0,0,0,0,0,0,0,0,0,0,0,0,0,0,0,0,0,72,0,0,0,0,144,0,0,0,0,0,48,96,0,0,0,24,0,0,0,0,0,0,0,0,0,0,0,0,0,0,0,3168,0,0,0,0,1104,0,0,0,72,0,0,0,0,0,0,0,0,0,0,0,0,0,0,0,0,0,0,0,24,1560,0,0,0,0,0,1488,0,0,0,0,0,0,0
"34",920135,5,4,0,0,0,0,0,0,0,0,0,0,0,0,0,0,0,0,0,0,0,0,0,0,0,0,0,0,0,0,0,0,0,0,0,0,0,0,0,0,0,0,0,0,0,0,0,0,0,0,0,0,0,0,0,4167,0,0,0,0,0,0,0,0,0,0,0,0,0,0,0,0,0,0,0,0,0,0,0,0,0,24898,0,0,2041,816,0,0,0,0,0,0,0,408,0,0,0,0,0,0,0,0,0,0,0,0,0,204,408,0,0,0,0,0,0,0,612,0,0,0,0,0,0,0,0,0,0,0,0,0,0,0,0,0,0,0,0,1224,0,0,0,0,0,0,0,0,0,0,408
"35",420136,6,4,0,0,11500,17250,0,0,0,0,46000,0,0,0,0,0,0,0,0,0,0,0,0,0,0,0,0,0,0,0,17250,0,0,0,0,0,0,0,0,0,0,0,0,2750,0,0,0,0,0,0,0,0,0,0,0,0,0,0,0,0,0,0,0,1440,0,0,24,0,0,0,0,0,0,240,0,0,0,0,0,0,0,0,0,0,240,0,0,0,0,0,0,0,0,0,0,0,0,0,0,0,0,0,0,0,24,0,0,288,0,0,528,0,0,0,0,0,48,0,0,0,0,0,0,0,0,0,0,0,0,0,0,0,168,0,0,1008,0,0,0,0,0,264,0,24,1608,0,0,0,240
"36",820136,6,4,0,0,0,0,0,0,0,0,11500,0,0,0,0,0,0,0,0,0,0,0,0,0,0,0,0,0,0,0,0,0,0,0,0,0,0,0,0,0,0,0,15333,0,0,0,0,0,0,0,0,0,0,0,0,0,0,0,0,0,0,0,0,0,0,0,0,0,0,0,0,0,0,0,0,0,0,0,0,12143,0,41786,0,0,0,3214,357,0,0,0,0,0,0,0,0,0,0,0,0,0,0,0,0,0,0,0,0,0,0,0,0,0,7500,0,0,0,0,0,0,0,0,0,0,0,0,0,0,0,0,0,0,0,0,0,0,0,0,0,0,0,0,0,0,0,0,0,0,0,0
"37",720142,2,5,0,0,0,4167,0,0,0,0,16667,0,0,0,0,0,0,0,0,0,0,0,0,0,0,0,0,0,0,0,4167,0,0,0,0,0,0,0,0,0,0,0,0,0,0,0,0,0,0,0,0,0,0,0,0,4167,0,0,0,0,0,0,0,0,0,0,0,0,0,0,0,0,0,0,0,0,0,0,0,0,0,21818,0,0,0,130,0,0,0,0,0,0,0,0,0,0,260,0,0,0,0,0,0,0,0,0,0,2727,0,0,0,0,3377,0,0,0,519,0,0,0,0,1039,0,0,0,0,0,130,0,0,0,130,0,0,0,0,0,0,0,0,0,0,0,0,0,0,130,0,0
"38",1020142,2,5,0,0,0,0,0,0,0,0,43749,0,0,0,0,4167,0,0,0,0,0,0,0,0,0,0,0,0,0,0,0,0,0,0,0,0,0,0,0,0,0,0,0,0,0,0,0,0,0,0,0,0,0,0,0,0,0,0,0,0,0,0,0,0,0,0,0,0,71,0,0,0,0,0,0,0,0,0,0,0,0,2128,0,0,0,851,355,0,0,142,0,0,0,0,0,0,0,0,0,0,0,0,0,0,0,0,0,355,71,0,0,0,0,0,0,0,0,0,0,0,0,1135,0,0,0,0,0,0,0,0,0,0,0,0,0,0,0,0,0,0,0,0,0,0,0,0,0,0,0
"39",1020143,3,5,0,8333,0,4137,0,0,0,0,33333,0,0,0,0,20833,0,0,0,0,0,0,0,0,0,0,0,0,0,0,0,0,0,0,0,0,0,0,0,0,0,0,0,0,0,0,0,0,0,0,0,0,0,0,0,137500,0,0,0,0,0,0,0,0,0,0,0,0,0,0,0,0,0,0,0,0,0,0,0,10000,0,43143,0,0,0,3714,0,0,0,0,0,0,0,0,0,0,0,0,0,0,0,0,0,0,0,0,0,0,286,0,0,0,5429,0,0,0,286,0,0,0,0,28000,0,0,0,0,0,0,571,0,0,0,0,0,0,0,0,0,0,0,0,0,0,0,0,0,0,0,0
"40",920144,4,5,0,0,0,0,0,0,0,0,220833,0,0,0,0,8333,0,0,0,0,0,0,0,0,0,0,0,0,0,0,0,0,0,0,0,0,0,0,0,0,0,0,0,0,0,0,0,0,0,0,0,0,0,0,0,175000,0,0,0,0,0,0,0,0,0,0,0,0,0,0,0,0,0,0,0,0,0,0,0,0,0,16667,0,0,0,2063,0,0,0,0,0,0,0,0,0,0,0,0,0,0,0,0,0,0,0,0,476,159,0,0,0,0,952,0,0,0,0,0,0,0,0,6349,0,0,0,0,0,159,0,0,0,0,0,0,0,0,0,635,0,0,0,0,0,0,0,0,476,0,0
"41",720145,5,5,0,0,0,0,0,0,0,0,11806,0,0,0,0,0,0,0,0,0,0,0,0,0,0,0,0,0,0,0,0,0,0,0,0,0,0,0,0,0,0,0,0,0,0,0,0,0,0,0,0,0,0,0,0,0,0,0,0,0,0,0,0,0,0,0,0,0,0,0,0,0,0,0,0,0,0,0,0,952,0,29762,0,0,0,1190,0,0,0,0,0,0,0,0,0,0,0,0,0,0,0,0,0,0,0,0,0,952,0,0,0,0,5714,0,0,0,0,0,0,0,0,15238,0,0,0,0,0,0,0,0,0,0,0,0,0,0,0,2857,0,0,0,0,0,0,0,0,5000,0,0
"42",920145,5,5,0,0,0,0,0,0,0,0,25000,0,0,0,0,0,0,0,0,0,0,0,0,0,0,0,0,0,0,0,0,0,0,0,0,0,0,0,0,0,0,0,0,0,0,0,0,0,0,0,0,0,0,0,0,25000,0,0,0,0,0,0,0,0,0,0,0,0,0,0,0,0,0,0,0,0,0,0,0,0,0,0,0,0,0,0,0,0,0,0,0,0,0,0,0,0,0,0,0,0,0,0,0,0,0,0,0,0,0,0,0,0,0,0,0,0,0,0,0,0,0,0,0,0,0,0,0,0,0,0,0,0,0,0,0,0,0,0,0,0,0,0,0,0,0,0,0,0,0
"43",1120146,6,5,0,0,4137,0,0,0,0,0,12500,0,0,0,0,8333,0,0,0,0,0,0,0,0,0,0,0,0,0,0,8333,0,0,0,0,0,0,0,0,0,0,0,0,4137,0,0,0,0,0,0,0,0,0,0,0,4137,0,0,0,0,0,0,0,0,0,0,0,0,0,0,0,0,0,0,0,0,0,0,0,536,0,20714,0,0,0,2321,0,0,0,0,0,0,0,0,0,0,0,0,0,0,0,0,179,0,0,0,0,357,0,0,0,0,0,0,0,0,179,0,0,0,0,41071,0,0,0,0,0,0,0,0,0,0,0,0,0,0,0,0,0,0,0,0,0,0,0,0,0,0,0
"44",920151,1,6,0,0,0,0,1917,0,0,0,0,0,0,0,0,0,0,0,0,0,0,0,0,0,0,0,0,0,0,0,0,0,0,0,0,0,0,0,0,0,0,0,0,0,0,0,0,0,0,0,0,0,3833,0,0,1917,0,0,0,0,0,0,0,0,0,0,0,0,0,0,0,0,0,0,0,0,0,0,0,0,0,4318,0,0,0,909,0,0,0,0,0,0,0,0,0,0,170,0,0,0,0,0,57,0,0,0,170,57,114,0,0,0,341,0,0,0,0,0,0,0,0,0,0,0,0,0,0,0,0,0,0,0,0,0,0,0,0,0,0,0,0,57,0,0,0,0,57,0,0
"45",1020151,1,6,0,0,2583,0,0,0,0,0,0,0,0,0,0,0,0,0,0,0,0,0,0,0,0,0,0,0,0,0,0,0,0,0,0,0,0,0,0,0,0,0,0,0,0,0,0,0,0,0,0,0,0,0,0,0,0,0,0,0,0,0,0,0,0,0,0,0,0,0,0,0,0,0,0,0,0,0,0,0,0,0,0,0,0,0,0,0,0,0,0,0,0,0,0,0,0,0,0,0,0,0,0,0,0,0,0,0,0,0,0,0,0,0,0,0,0,0,0,0,0,0,0,0,0,0,0,0,0,0,0,0,0,0,0,0,0,0,0,0,0,0,0,0,0,0,0,0,0
"46",1120152,2,6,6750,0,0,0,0,0,0,0,0,0,0,0,0,0,0,0,0,0,0,0,0,0,0,0,0,0,0,0,6750,0,0,0,0,0,0,0,0,0,0,0,0,0,0,0,0,0,0,0,0,0,0,0,0,0,0,0,0,0,0,0,0,0,0,0,0,0,0,0,0,0,0,0,0,0,0,0,0,0,18820,0,0,0,3090,0,0,0,0,0,0,0,0,0,281,0,0,0,0,0,0,0,0,0,0,0,281,0,281,0,0,0,0,0,281,0,0,0,0,0,0,0,0,0,0,0,281,0,0,0,0,0,0,0,281,0,0,0,0,0,0,0,0,0,0,0,0,0,0
"47",420155,5,6,0,0,0,9000,4500,0,0,0,0,0,0,0,0,0,0,0,0,0,0,0,0,0,0,0,0,0,0,0,4500,0,0,0,0,0,0,0,0,0,0,0,0,0,0,0,0,0,0,0,0,0,9000,0,0,0,0,0,0,0,0,0,0,0,0,0,0,0,0,0,0,0,0,0,0,0,0,0,0,0,0,0,0,0,0,0,0,0,0,0,0,0,0,0,0,0,0,0,0,0,0,0,0,0,0,0,0,0,0,0,0,0,0,0,0,0,0,0,0,0,0,0,0,0,0,0,0,0,0,0,0,0,0,0,0,0,0,0,0,0,0,0,0,0,0,0,0,0,0
"48",520155,5,6,0,0,1417,0,0,0,0,0,0,0,0,0,0,7083,0,0,0,0,0,0,0,0,0,0,0,0,0,0,0,0,0,0,0,0,0,0,0,0,0,0,2833,0,0,0,0,0,0,0,0,0,0,0,0,0,0,0,0,0,0,0,0,284,0,0,0,0,0,0,0,0,6392,0,0,0,0,0,0,0,7102,0,0,0,852,710,0,0,0,0,0,0,0,0,0,0,0,0,0,0,0,0,0,0,0,0,0,0,0,0,0,0,0,0,0,0,0,0,0,0,0,0,0,0,0,0,0,0,0,0,0,0,568,0,0,0,0,0,0,0,0,0,0,0,0,0,0,0,0
"49",620155,5,6,0,0,0,0,0,0,0,0,0,0,0,0,0,5292,0,0,0,0,0,0,0,0,0,0,0,0,0,0,0,0,0,0,0,0,0,0,0,0,0,0,0,0,0,0,0,0,0,0,0,0,26458,0,0,0,0,0,0,0,0,0,0,0,0,0,0,0,0,0,0,0,0,0,0,0,0,0,0,0,20159,0,0,0,1111,159,0,0,0,0,0,0,0,0,159,0,0,0,0,0,0,0,0,0,0,0,794,0,0,0,317,0,0,0,0,0,159,0,0,0,0,0,0,0,0,0,0,159,476,0,0,0,0,0,476,317,0,0,0,0,0,0,0,1111,0,0,0,0,0
"50",620156,6,6,3667,0,3667,0,0,0,0,0,0,0,0,0,0,0,0,0,0,0,0,0,0,0,0,0,0,0,0,0,0,0,0,0,0,237,0,0,0,0,0,0,0,0,0,0,0,0,0,0,0,0,36667,0,0,0,0,0,0,0,0,0,0,0,0,0,0,0,0,0,0,0,1659,0,0,0,0,0,0,0,27488,0,0,237,2131,710,237,0,0,0,0,0,0,0,0,0,0,0,0,0,0,0,0,0,0,0,474,178,0,0,1776,0,0,0,0,0,0,0,0,4263,0,0,0,0,0,0,0,0,0,0,0,0,0,710,0,7638,0,0,0,0,0,1185,0,6161,0,0,0,0,0
"51",920156,6,6,5667,0,0,8500,2833,0,0,0,0,0,0,5667,0,0,0,0,0,0,0,0,0,0,0,0,0,0,0,0,5667,0,0,0,0,0,0,0,0,0,0,0,5667,0,0,0,0,0,0,0,0,0,0,0,0,0,0,0,0,0,0,0,0,0,0,0,0,0,71,0,0,0,0,0,0,0,0,0,0,0,0,1631,0,0,0,922,0,0,0,142,0,0,0,0,0,0,142,0,0,0,0,0,71,0,0,0,71,0,355,0,0,0,0,0,0,0,0,0,0,0,0,0,0,0,0,0,0,0,0,0,142,71,0,0,71,0,0,0,0,0,0,0,0,0,0,0,0,0,0
"52",520161,1,7,0,0,5000,0,0,0,0,0,0,0,0,0,0,0,0,0,0,0,0,0,0,0,0,284000,0,0,0,0,0,0,0,0,0,284000,0,0,0,0,0,0,0,0,0,0,0,0,0,0,0,0,0,0,0,0,0,0,0,0,0,0,0,0,0,0,0,0,0,0,0,0,0,0,0,0,0,0,0,0,23864,0,0,0,1420,0,0,0,0,0,0,0,0,0,284,0,0,0,0,0,0,0,0,0,0,284,284,284,0,0,0,0,0,0,0,0,0,0,0,0,0,0,0,0,0,0,0,0,0,0,0,0,0,0,0,0,0,0,0,0,0,0,0,0,0,0,0,0,0
"53",620161,1,7,0,0,3292,0,0,0,0,0,0,0,0,0,0,0,0,0,0,0,1646,0,0,0,0,0,0,0,0,0,0,0,0,0,0,0,0,0,0,0,0,0,0,0,0,0,0,0,0,0,0,0,0,0,0,0,0,0,0,0,0,0,0,0,0,0,0,0,0,0,0,0,0,0,0,0,0,0,0,0,5966,0,0,0,2415,0,0,0,0,0,0,0,0,0,142,0,0,0,0,0,0,0,0,0,0,568,4545,0,0,0,0,0,0,0,142,0,0,0,0,0,0,0,0,0,0,0,0,0,0,0,0,0,0,0,0,0,0,0,0,0,0,0,0,0,0,0,0,0,0
"54",820161,1,7,0,0,3222,0,0,0,0,0,0,0,0,0,0,0,0,0,0,0,0,0,0,0,0,0,0,0,0,0,0,0,0,0,0,0,0,0,0,0,0,0,0,0,0,0,0,0,0,0,0,0,0,0,0,0,0,0,0,0,0,0,0,0,0,0,0,0,0,0,0,0,0,0,0,0,0,0,0,0,25829,0,0,0,1185,0,0,0,0,0,0,0,0,0,948,0,0,0,0,0,0,0,0,0,0,0,0,0,0,0,0,0,0,0,237,0,0,0,0,5687,0,0,0,0,0,0,0,0,0,237,0,0,0,0,0,0,0,0,0,0,0,0,0,0,0,0,0,0,0
"55",720162,2,7,0,0,0,0,0,0,0,0,0,0,0,0,0,0,0,0,0,0,0,0,0,0,0,0,0,0,0,0,0,0,0,0,0,0,0,0,0,0,0,0,0,0,0,0,0,0,0,0,0,0,0,0,0,0,0,0,0,0,0,0,0,0,0,0,0,0,0,0,0,0,0,0,0,0,0,0,0,0,17416,0,0,0,1685,0,0,0,0,0,0,0,0,0,281,0,0,0,0,0,0,0,0,0,0,0,0,281,0,0,1124,0,0,0,281,0,0,0,0,0,0,0,0,0,0,0,0,0,0,0,0,0,0,0,0,0,0,0,0,0,0,0,0,0,0,0,0,0,0
"56",1020162,2,7,11700,0,0,0,0,0,0,0,5800,5800,0,0,0,0,0,0,0,0,0,0,0,0,0,0,0,0,0,0,0,0,0,0,0,0,0,0,0,0,0,0,0,0,0,0,0,0,0,0,0,0,5800,0,0,5800,0,0,0,0,0,0,0,0,0,0,0,0,0,0,0,0,0,0,0,0,0,0,0,0,23759,0,0,0,354,709,0,0,0,0,0,0,0,0,0,0,0,0,0,0,0,0,0,0,0,0,0,0,0,0,0,0,0,0,354,0,0,0,0,0,0,0,0,0,0,0,0,0,0,354,0,0,0,0,0,0,0,0,0,0,0,0,0,0,0,0,0,0,0
"57",1120162,2,7,9000,0,0,0,0,4500,0,0,0,0,0,0,0,0,0,0,0,0,0,0,0,0,0,0,0,0,0,0,0,0,0,0,0,0,0,0,0,0,0,0,0,0,0,0,0,0,0,0,0,0,0,0,0,4500,0,0,0,0,0,0,0,0,0,0,0,0,0,0,0,0,0,0,0,0,0,0,0,0,11137,0,0,0,2370,0,0,0,0,0,0,0,0,0,474,0,0,0,0,0,474,0,0,0,0,0,237,0,0,1896,1422,0,0,0,237,0,0,0,0,0,0,0,0,0,0,0,0,0,0,0,0,0,0,0,0,0,0,0,0,0,0,0,0,0,0,0,0,0,0
"58",520163,3,7,0,0,25333,0,0,0,0,0,0,0,0,0,0,0,0,0,3167,0,0,0,0,0,0,0,0,0,0,0,0,0,0,0,0,0,0,6333,0,0,0,0,0,0,0,0,0,0,0,0,0,0,0,0,0,0,0,0,0,0,0,0,0,0,0,0,0,0,0,0,0,0,0,0,0,0,0,0,0,0,19388,0,0,0,1224,0,0,0,0,0,0,0,0,0,0,0,0,0,0,0,0,0,0,0,0,204,204,204,0,2041,2041,0,0,0,0,0,0,0,0,0,0,0,0,0,0,0,204,0,408,0,0,0,0,0,0,0,0,0,0,0,0,0,0,0,0,0,0,0,0
"59",420164,4,7,0,0,8167,0,0,0,0,0,0,0,0,0,0,0,0,0,0,0,0,0,0,0,0,0,0,0,0,0,0,0,0,0,0,0,0,0,0,0,0,0,0,0,0,0,0,0,0,0,0,0,0,0,0,0,0,0,0,0,0,0,0,0,0,0,0,0,0,0,0,0,0,0,0,0,0,0,0,0,23460,0,0,0,1896,0,0,0,0,0,0,0,0,0,237,0,0,0,0,0,0,0,237,0,0,0,1185,0,0,0,0,0,0,0,0,0,0,0,0,0,0,0,0,0,0,0,0,0,0,0,0,0,0,0,0,0,0,0,0,0,0,0,0,0,0,0,0,0,0
"60",520164,4,7,0,0,7500,0,0,0,0,0,2500,0,0,0,0,0,0,0,0,0,0,0,0,0,0,0,0,0,0,0,0,0,0,0,0,0,0,0,0,0,0,0,0,0,0,0,0,0,0,0,0,0,0,0,0,0,0,0,0,0,0,0,0,0,0,0,0,0,0,0,0,0,0,0,0,0,476,0,0,0,11190,0,0,0,952,714,0,0,0,0,0,0,0,0,238,0,0,0,0,0,0,0,0,0,0,238,238,0,0,0,3095,0,0,0,0,0,0,0,0,0,0,0,0,0,0,0,238,0,0,0,0,0,0,0,0,0,0,0,0,0,0,0,0,0,0,0,0,0,0
"61",720164,4,7,0,0,0,9375,0,0,0,0,0,0,0,0,0,0,0,0,0,0,0,0,0,0,0,0,0,0,0,0,0,238000,0,0,0,0,3750,0,0,0,0,0,0,0,0,0,0,0,0,0,0,0,0,0,0,0,0,0,0,0,0,0,0,0,0,0,0,0,0,0,0,0,0,0,0,0,0,0,0,0,25238,0,0,0,3333,0,0,0,0,0,0,0,0,0,476,0,0,0,0,0,0,0,0,0,238,0,0,0,0,0,0,0,0,0,0,0,0,0,0,3810,0,0,0,0,0,0,0,0,0,0,0,0,0,0,0,0,0,0,0,0,0,0,0,0,0,0,0,0,0
"62",520165,5,7,0,0,0,0,0,0,0,0,2500,0,0,0,0,0,0,0,0,0,0,0,0,0,0,0,0,0,0,0,0,0,0,0,0,0,0,0,0,0,0,0,0,0,0,0,0,0,0,0,0,178000,0,0,0,0,0,0,0,0,0,0,0,0,0,0,0,0,0,0,0,0,0,0,0,0,0,0,0,0,14032,0,0,0,888,178,0,0,0,0,0,0,0,0,0,0,0,0,0,0,0,0,0,0,0,178,0,0,0,5506,3908,0,0,0,0,0,0,0,0,0,0,0,0,0,0,0,178,0,0,0,0,0,0,0,0,0,0,0,0,0,0,0,0,0,0,0,0,0,0
"63",620165,5,7,0,0,1167,0,0,0,0,0,0,0,0,0,0,0,0,0,0,0,0,0,0,0,0,0,0,0,0,0,0,0,0,0,0,0,0,0,0,0,0,0,1167,0,0,0,0,0,0,0,0,0,0,0,0,0,0,0,0,0,0,0,0,0,0,0,0,0,0,0,0,0,0,0,0,0,0,0,0,0,20313,0,0,0,3693,0,142,0,0,0,0,0,0,0,0,0,0,0,0,0,0,0,0,0,0,0,3977,142,0,0,0,0,0,0,0,0,0,0,0,0,0,0,0,0,0,0,0,0,0,0,0,0,0,0,0,0,0,0,0,0,0,0,0,852,0,0,0,0,0
"64",820165,5,7,0,0,2083,0,2083,0,0,0,0,0,0,0,0,0,0,0,0,0,0,0,0,0,0,0,0,0,0,0,0,0,0,0,0,0,0,0,0,0,0,0,0,0,0,0,0,0,0,0,0,0,0,0,0,0,0,0,0,0,0,0,0,0,0,0,0,0,0,0,0,0,0,0,0,0,0,0,0,0,0,0,0,0,0,0,0,0,0,0,0,0,0,0,0,0,0,0,0,0,0,0,0,0,0,0,0,0,0,0,0,0,0,0,0,0,0,0,0,0,0,0,0,0,0,0,0,0,0,0,0,0,0,0,0,0,0,0,0,0,0,0,0,0,0,0,0,0,0
"65",920165,5,7,0,0,0,0,0,0,0,0,0,0,0,0,0,0,0,0,0,0,0,0,0,0,0,0,0,0,0,0,0,0,0,0,0,0,0,0,0,0,0,0,0,0,0,0,0,0,0,0,0,0,0,0,0,0,0,0,0,0,0,0,0,0,0,0,0,0,0,714,0,0,0,0,0,0,0,0,1429,0,29761,0,0,0,3333,0,0,0,0,0,0,0,0,0,238,0,0,0,0,0,0,0,0,0,0,476,238,0,0,0,714,0,0,0,0,0,0,0,0,0,0,0,0,0,0,238,0,238,238,476,0,0,0,0,0,0,0,0,0,0,0,0,0,0,0,0,0,0,0
"66",420166,6,7,0,0,0,0,0,0,0,0,0,0,0,0,0,0,0,0,0,0,0,0,0,0,0,0,0,0,0,0,4083,0,0,0,0,0,0,0,0,0,0,0,0,0,0,0,0,0,0,0,0,0,0,0,0,0,0,0,0,0,0,0,0,0,0,0,0,0,0,179,0,0,0,0,0,0,0,0,1786,0,19821,0,0,179,893,0,0,0,0,0,0,0,0,0,357,0,0,0,0,0,0,0,0,0,0,0,714,0,0,0,0,0,0,0,0,0,0,0,0,0,0,0,0,0,0,0,179,0,357,0,0,0,0,0,0,0,0,0,0,0,0,714,0,0,0,0,0,0,0
"67",720166,6,7,0,0,0,5417,0,0,0,0,0,0,0,0,0,0,0,0,0,0,0,0,0,0,0,0,0,0,0,0,0,0,0,0,0,0,0,0,0,0,0,0,0,0,0,0,0,0,0,0,0,0,0,0,0,0,0,0,0,0,0,0,0,0,0,0,0,0,0,0,0,0,0,0,0,0,0,0,0,0,0,0,0,0,0,0,0,0,0,0,0,0,0,0,0,0,0,0,0,0,0,0,0,0,0,0,0,0,0,0,0,0,0,0,0,0,0,0,0,0,0,0,0,0,0,0,0,0,0,0,0,0,0,0,0,0,0,0,0,0,0,0,0,0,0,0,0,0,0
"68",820166,6,7,0,0,5750,0,0,0,0,0,0,0,0,0,0,0,0,0,0,0,0,0,0,0,0,0,0,0,0,0,0,0,0,0,0,0,0,0,0,0,0,0,0,0,0,0,0,0,0,0,0,0,0,0,0,0,0,0,0,0,0,0,0,0,0,0,0,0,0,0,0,0,0,0,0,0,0,0,0,0,0,0,0,0,0,0,0,0,0,0,0,0,0,0,0,0,0,0,0,0,0,0,0,0,0,0,0,0,0,0,0,0,0,0,0,0,0,0,0,0,0,0,0,0,0,0,0,0,0,0,0,0,0,0,0,0,0,0,0,0,0,0,0,0,0,0,0,0,0
"69",1020166,6,7,0,3500,0,0,0,0,0,0,0,0,0,0,0,0,0,0,0,0,0,0,0,0,0,0,0,0,0,0,0,0,0,0,0,0,0,0,0,0,0,0,0,0,0,0,0,0,0,0,0,0,0,0,0,0,0,0,0,0,0,0,0,0,0,0,0,0,0,0,0,0,0,532,0,0,0,0,1420,0,20071,0,0,0,5506,0,178,0,0,0,0,0,0,0,0,0,0,0,0,0,0,0,0,0,0,533,1420,0,0,0,0,0,0,0,178,0,0,0,0,2841,0,0,0,0,0,0,0,0,0,0,0,0,0,0,0,0,0,0,0,0,0,0,0,0,0,0,0,0,0
"70",720172,2,8,0,0,0,0,0,0,0,0,625,0,0,0,0,0,0,0,0,0,0,0,0,0,0,178,0,0,0,0,0,0,0,0,0,0,0,0,0,0,0,0,0,0,0,0,0,0,0,0,178,0,3300,0,0,9800,3250,0,0,0,0,0,0,0,0,0,178,0,0,0,0,0,0,0,0,0,0,0,0,0,18295,0,0,0,3020,1066,0,0,0,0,0,0,0,0,178,0,0,0,0,0,0,0,0,0,0,0,533,0,0,0,4796,0,0,0,0,0,0,0,0,0,0,0,0,0,0,0,0,0,0,0,0,0,0,0,0,1066,0,0,0,0,0,0,0,0,0,0,0,0,0
"71",820172,2,8,0,0,0,0,0,0,0,0,1250,0,0,0,0,0,0,0,0,0,0,0,0,0,0,0,0,0,0,0,0,0,0,0,0,0,0,0,0,0,0,0,0,0,0,0,0,0,0,0,0,0,0,0,0,0,0,0,0,0,0,0,0,0,0,0,0,0,0,0,0,0,0,0,0,0,0,0,0,0,2638,0,0,0,3450,0,0,0,0,0,0,0,0,0,203,0,0,0,0,0,203,0,0,0,0,203,406,0,0,0,0,0,0,0,0,0,0,0,0,0,0,0,0,0,0,0,0,0,0,0,0,0,0,0,0,0,0,0,0,0,0,0,0,0,0,0,0,0,0
"72",420173,3,8,0,4125,0,4125,0,0,0,0,0,0,0,0,0,0,0,0,0,0,0,0,0,0,0,0,0,0,0,0,1375,0,0,0,0,0,0,0,0,0,0,1375,1375,0,0,0,0,0,0,0,0,0,20625,0,0,0,0,0,0,0,0,0,0,0,0,0,0,0,0,0,0,0,0,0,0,0,0,0,0,0,0,0,0,0,0,0,0,0,0,0,0,0,0,0,0,0,0,0,0,0,0,0,0,0,0,0,0,0,0,0,0,0,0,0,0,0,0,0,0,0,0,0,0,0,0,0,0,0,0,0,0,0,0,0,0,0,0,0,0,0,0,0,0,0,0,0,0,0,0
"73",620174,4,8,0,0,1875,0,0,0,0,0,0,0,0,0,0,3750,0,0,0,0,0,0,0,0,0,355,0,0,0,0,0,0,0,0,0,0,0,0,1875,0,0,0,0,0,0,0,0,0,0,0,0,0,0,0,0,0,0,0,0,0,0,0,0,0,0,0,0,0,0,0,0,0,0,0,0,0,0,0,0,0,19893,0,0,0,4085,0,0,0,0,0,0,0,0,0,533,0,0,0,0,0,0,0,0,0,0,0,0,355,0,0,0,0,0,0,0,0,0,0,0,0,0,0,0,0,0,178,178,0,4085,0,0,0,0,0,0,355,0,0,0,0,0,0,0,355,0,0,0,0,0
"74",1020174,4,8,0,0,0,0,0,0,0,0,0,0,0,0,0,0,0,0,0,0,0,0,0,0,0,0,0,0,0,0,0,0,0,0,0,0,0,0,0,0,0,0,0,0,0,0,0,0,0,0,0,0,0,0,0,0,0,0,0,0,0,0,0,0,0,0,0,0,0,0,0,0,0,0,0,0,0,0,0,0,0,0,0,0,0,0,0,0,0,0,0,0,0,0,0,0,0,0,0,0,0,0,0,0,0,0,0,0,0,0,0,0,0,0,0,0,0,0,0,0,0,0,0,0,0,0,0,0,0,0,0,0,0,0,0,0,0,0,0,0,0,0,0,0,0,0,0,0,0
"75",820175,5,8,0,0,0,0,0,0,0,0,0,0,0,0,0,0,0,0,0,0,0,0,0,0,0,0,0,0,0,0,0,0,0,0,0,0,0,0,0,0,0,0,0,0,0,0,0,0,0,0,0,0,5200,0,0,21000,0,0,0,0,0,0,0,0,0,0,0,0,0,0,0,0,0,0,0,0,0,0,2029,0,13190,0,0,0,406,0,0,0,0,0,0,0,0,0,203,0,0,0,0,0,0,0,0,0,0,3653,609,203,0,0,2435,0,0,0,0,0,0,0,0,0,0,0,0,0,0,0,406,0,203,0,0,0,0,0,0,0,0,0,0,0,0,0,0,203,0,0,0,0,0
"76",920176,6,8,0,0,0,0,0,0,0,0,0,0,0,0,0,0,0,0,0,0,0,0,0,0,0,0,0,0,0,0,0,0,0,0,0,0,0,0,0,0,0,0,0,0,0,0,0,0,0,0,0,0,0,0,0,0,0,0,0,0,0,0,0,0,0,0,0,0,0,0,0,0,284,0,0,0,0,0,0,0,426,0,0,0,1420,0,0,0,0,0,0,0,0,0,0,0,0,0,0,0,284,0,0,0,0,1278,1989,0,0,0,0,0,0,0,0,0,0,0,0,0,0,0,0,0,0,0,0,0,0,284,0,0,0,0,142,0,0,0,0,0,0,0,0,0,0,0,0,0,582
"77",520186,6,9,0,0,0,0,0,0,0,0,0,0,0,0,0,0,0,0,0,0,0,0,0,0,0,0,0,0,0,0,0,0,0,0,0,0,0,0,0,0,0,0,0,0,0,0,0,0,0,0,0,0,0,0,0,0,0,0,0,0,0,0,0,0,0,0,0,0,0,0,0,0,0,0,0,0,0,0,0,0,1422,0,0,0,2366,158,0,0,0,0,0,158,0,946,0,0,0,0,0,0,0,0,0,0,0,0,0,0,0,631,1705,0,0,0,0,0,0,0,0,0,0,0,0,0,0,0,0,0,0,0,0,0,0,0,0,0,0,0,0,0,0,6676,0,0,0,0,0,0,473
"78",720186,6,9,0,0,0,0,0,0,0,0,0,0,0,0,0,0,0,0,0,0,0,0,0,0,0,0,0,0,0,0,0,0,0,0,0,0,0,0,0,0,0,0,0,0,0,0,0,0,0,0,0,0,0,0,0,0,0,0,0,0,0,0,0,0,0,0,0,0,0,0,0,0,0,0,0,0,0,0,1599,0,15098,0,0,0,3375,0,178,0,0,0,0,0,0,0,355,0,0,0,0,0,0,0,0,0,0,632,355,0,0,0,1599,0,0,0,0,0,0,0,0,0,0,0,0,0,0,0,0,178,355,533,0,0,0,0,355,0,0,0,0,0,0,355,0,1599,0,0,0,0,0
"79",620191,1,10,0,0,0,0,0,0,0,0,0,0,0,0,0,0,0,0,0,0,0,0,0,0,0,0,0,0,0,0,0,0,0,0,0,0,0,0,0,0,0,0,0,0,0,0,0,0,0,0,0,0,0,0,0,0,0,0,0,0,0,0,0,0,0,0,0,0,0,0,0,0,0,0,0,0,0,0,0,0,10511,0,0,0,3409,426,0,0,0,0,0,0,0,0,0,0,0,0,0,0,0,0,0,0,0,0,284,0,0,0,568,0,0,0,0,284,0,0,0,0,0,0,0,0,0,142,0,0,0,0,0,0,0,0,0,0,0,0,0,0,0,0,0,1420,0,0,0,0,0
"80",1120192,2,10,0,0,0,0,0,0,0,0,0,0,0,0,0,0,0,0,0,0,0,0,0,0,0,0,0,0,0,0,0,0,0,0,0,0,0,0,0,0,0,0,0,0,0,0,0,0,0,0,0,0,0,0,0,0,0,0,0,0,0,0,0,201,0,0,0,0,0,0,0,0,0,0,0,0,0,0,0,0,6494,0,0,0,1826,0,0,0,0,0,0,0,0,0,0,0,0,0,0,0,0,0,0,0,0,0,201,0,0,0,0,0,0,0,0,0,0,0,0,0,0,0,0,0,0,0,0,0,0,0,0,0,0,0,0,0,0,0,0,0,0,0,0,0,0,0,0,0,0
"81",620193,3,10,0,0,0,0,0,0,0,0,0,0,0,0,0,0,0,0,0,0,0,0,0,0,0,0,0,0,0,0,0,0,0,0,0,0,0,0,0,0,0,0,0,0,0,0,0,0,0,0,0,0,0,0,0,0,0,0,0,0,0,0,0,0,0,0,0,0,0,0,0,0,0,0,0,0,0,0,0,0,9375,0,0,0,1847,284,0,0,0,0,0,0,0,0,142,0,0,0,0,0,0,0,0,0,0,0,142,142,0,0,2131,0,0,0,284,0,0,0,0,0,0,0,0,142,0,0,0,0,284,0,0,0,0,0,142,852,0,0,0,0,0,0,0,2131,0,0,0,0,0
"82",720193,3,10,0,0,0,0,0,0,0,0,0,0,0,0,0,0,0,0,0,0,0,0,0,0,0,0,0,0,0,0,0,0,0,0,0,0,0,0,0,0,0,0,0,0,0,0,0,0,0,0,0,0,0,0,0,0,0,0,0,0,0,0,0,0,0,0,0,0,0,0,0,0,0,0,0,0,0,0,0,0,9517,0,0,0,2983,0,0,0,0,0,0,0,0,0,142,0,0,0,0,0,0,0,0,0,0,142,0,1278,0,0,0,0,0,0,0,0,0,0,0,0,0,0,0,142,0,0,0,0,0,0,0,0,0,0,0,0,0,0,0,0,0,0,0,4972,568,0,0,0,0
"83",820193,3,10,0,0,0,0,0,0,0,0,0,0,0,0,0,0,0,0,0,0,0,0,0,0,0,0,0,0,0,0,0,0,0,0,0,0,0,0,0,0,0,0,0,0,0,0,0,0,0,0,0,0,0,0,0,0,0,0,0,0,0,0,0,0,0,0,0,0,0,0,0,0,0,426,0,0,0,0,3835,0,12074,0,0,0,2557,0,0,0,0,0,0,0,0,0,142,0,0,0,0,0,0,0,0,0,0,0,2273,0,0,0,0,0,0,0,142,0,0,0,0,0,0,0,0,142,0,0,0,0,0,568,0,0,0,0,142,0,0,0,0,0,0,0,0,4688,0,0,0,0,0
"84",920194,4,10,0,0,0,0,0,0,0,0,0,0,0,0,0,0,0,0,0,0,0,0,0,0,0,0,0,0,0,0,0,0,0,0,0,0,0,0,0,0,0,0,0,0,0,0,0,0,0,0,0,0,0,0,0,0,0,0,0,0,0,0,0,0,0,0,0,0,0,0,0,0,0,0,0,0,0,0,0,0,0,0,0,0,0,0,0,0,0,0,0,0,0,0,0,0,0,0,0,0,0,0,0,0,0,0,0,0,0,0,0,0,0,0,0,0,0,0,0,0,0,0,0,0,0,0,0,0,0,0,0,0,0,0,0,0,0,0,0,0,0,0,0,0,0,0,0,0,0
"85",1020194,4,10,0,0,0,0,0,0,0,0,0,0,0,0,0,0,0,0,0,0,0,0,0,0,0,0,0,0,0,0,0,0,0,0,0,0,0,0,0,0,0,0,0,0,0,0,0,0,0,0,0,0,0,0,0,0,0,0,0,0,0,0,0,0,0,0,0,0,0,0,0,0,0,0,0,0,0,0,0,0,5114,0,0,0,710,0,0,0,0,0,0,0,0,0,0,0,0,0,0,0,0,0,0,0,0,0,0,0,284,0,284,0,0,0,1420,0,0,0,0,0,0,0,0,0,0,0,0,0,284,142,0,0,0,0,0,9375,0,0,0,0,0,0,0,284,0,0,0,0,0
"86",520195,5,10,0,0,0,0,0,0,0,0,0,0,0,0,0,0,0,0,0,0,0,0,0,0,0,0,0,0,0,0,0,0,0,0,0,0,0,0,0,0,0,0,0,0,0,0,0,0,0,0,0,0,0,0,0,0,0,0,0,0,0,0,0,0,0,0,0,0,71,0,0,0,0,0,0,0,0,0,0,0,1705,0,0,0,994,1065,0,0,0,0,0,0,0,0,0,0,0,0,0,0,0,0,0,0,0,0,213,142,0,0,213,0,0,0,0,0,71,0,0,0,0,0,0,0,0,0,0,0,0,71,0,0,0,0,0,3090,0,0,0,0,0,0,0,852,0,0,0,0,0
"87",720195,5,10,0,0,0,0,0,0,0,0,0,0,0,0,0,0,0,0,0,0,0,0,0,0,0,0,0,0,0,0,0,0,0,0,0,0,0,0,0,0,0,0,0,0,0,0,0,0,0,0,0,0,0,0,0,0,0,0,0,0,0,0,0,0,0,0,0,0,0,0,0,0,0,0,0,0,0,0,0,0,15483,0,0,0,4430,426,0,0,0,0,0,0,0,0,284,0,0,0,0,142,0,0,0,0,0,142,586,0,0,0,0,0,0,0,0,0,0,0,0,0,0,0,0,0,0,0,1563,0,0,0,0,0,0,0,0,0,0,0,0,0,0,0,0,8665,0,0,0,0,0
"88",1120195,5,10,0,0,0,0,0,0,0,0,0,0,0,0,0,0,0,0,0,0,0,0,0,0,0,0,0,0,0,0,0,0,0,0,0,0,0,0,0,0,0,0,0,0,0,0,0,0,0,0,0,0,0,0,0,0,0,0,0,0,0,0,0,0,0,0,0,0,0,0,0,0,0,0,0,0,0,0,0,0,0,0,0,0,142,0,0,0,0,0,0,0,0,0,0,0,0,0,0,0,0,0,0,0,0,0,0,0,0,0,0,0,0,0,568,0,0,0,0,0,0,0,0,0,0,0,0,0,0,0,0,0,0,0,0,0,0,0,0,0,0,0,0,0,0,0,0,0,0
"89",520196,6,10,0,0,0,0,0,0,0,0,0,0,0,0,0,0,0,0,0,0,0,0,0,0,0,0,0,0,0,0,0,0,0,0,0,0,0,0,0,0,0,0,0,0,0,0,0,0,0,0,0,0,0,0,0,0,0,0,0,0,0,0,0,0,0,0,0,0,0,0,0,0,0,0,0,0,0,0,0,0,0,0,0,0,0,0,0,0,0,0,0,0,0,0,0,0,0,0,0,0,0,0,0,0,0,0,0,0,0,0,0,0,0,0,0,0,0,0,0,0,0,0,0,0,0,0,0,0,0,0,0,0,0,0,0,0,0,0,0,0,0,0,0,0,0,0,0,0,0
"90",1020196,6,10,0,0,0,0,0,0,0,0,0,0,0,0,0,0,0,0,0,0,0,0,0,0,0,0,0,0,0,0,0,0,0,0,0,0,0,0,0,0,0,0,0,0,0,0,0,0,0,0,0,0,0,0,0,0,0,0,0,0,0,0,0,0,0,0,0,0,0,0,0,0,0,0,0,0,0,0,0,0,4403,0,0,0,710,142,0,0,0,0,0,0,0,0,0,0,0,0,0,0,0,0,0,0,0,0,568,0,0,0,0,0,0,0,0,0,0,0,0,0,0,0,0,0,0,0,0,0,0,0,0,0,0,0,0,1420,0,0,0,0,0,0,0,568,0,0,0,0,0
"91",720211,1,12,0,0,0,0,0,0,0,0,0,0,0,0,0,0,0,0,0,0,0,0,0,0,0,0,0,0,0,0,0,0,0,0,0,0,0,0,0,0,0,0,0,0,0,0,0,0,0,0,0,0,0,0,0,0,0,0,0,0,0,0,0,0,0,0,0,0,0,0,0,0,0,0,0,0,0,0,0,0,4116,0,0,0,284,0,0,0,0,0,0,0,0,0,3267,0,0,0,0,0,0,0,0,0,0,0,142,0,0,0,2841,0,0,0,0,0,0,0,0,0,0,0,0,0,0,0,0,0,284,2699,0,0,0,0,142,0,0,0,0,0,0,0,0,142,568,0,0,0,0
"92",920211,1,12,0,0,0,0,0,0,0,0,0,0,0,0,0,0,0,0,0,0,0,0,0,0,0,0,0,0,0,0,0,0,0,0,0,0,0,0,0,0,0,0,0,0,0,0,0,0,0,0,0,0,0,0,0,0,0,0,0,0,0,0,0,0,0,0,142,0,142,0,0,0,0,0,0,0,0,0,0,0,6250,0,0,0,3977,284,0,0,0,0,0,0,0,0,0,0,0,0,0,0,0,0,0,0,0,0,426,0,0,0,0,0,0,0,0,142,0,0,0,2273,0,0,0,0,0,0,0,0,0,426,0,0,0,0,568,0,0,0,0,0,0,0,0,0,0,0,0,0,0
"93",820212,2,12,0,0,0,0,0,0,0,0,0,0,0,0,0,0,0,0,0,0,0,0,0,0,0,0,0,0,0,0,0,0,0,0,0,0,0,0,0,0,0,0,0,0,0,0,0,0,0,0,0,0,0,0,0,0,0,0,0,0,0,0,0,0,0,0,142,0,0,0,0,0,0,0,0,0,0,0,0,0,6392,0,0,0,3267,0,0,0,0,0,0,0,0,0,0,0,0,0,0,0,142,0,0,0,0,5114,852,0,0,0,0,0,0,0,0,0,0,0,0,0,0,142,0,0,0,0,0,0,0,0,0,0,0,0,0,0,0,0,0,0,0,0,0,852,0,0,0,0,0
"94",820213,3,12,0,0,0,0,0,0,0,0,0,0,0,0,0,0,0,0,0,0,0,0,0,0,0,0,0,0,0,0,0,0,0,0,0,0,0,0,0,0,0,0,0,0,0,0,0,0,0,0,0,0,0,0,0,0,0,0,0,0,0,0,0,0,0,0,284,0,0,0,0,0,0,0,0,0,0,0,0,0,3125,0,0,0,2131,142,0,0,0,0,0,0,0,0,0,0,0,0,0,0,0,0,0,0,0,2841,852,0,0,0,0,0,0,0,0,0,0,0,0,0,0,0,0,0,0,0,0,0,0,0,0,0,0,0,142,0,0,0,0,0,0,0,0,0,0,0,0,0,0
"95",620214,4,12,0,0,0,0,0,0,0,0,0,0,0,0,0,0,0,0,0,0,0,0,0,0,0,0,0,0,0,0,0,0,0,0,0,0,0,0,0,0,0,0,0,0,0,0,0,0,0,0,0,0,0,0,0,0,0,0,0,0,0,0,0,0,0,0,0,0,0,0,0,0,0,0,0,0,0,0,0,0,0,0,0,284,142,0,0,0,0,142,0,0,0,0,428,0,0,0,0,0,428,0,0,0,0,0,0,0,0,0,0,0,0,0,284,0,0,0,0,0,0,0,0,0,142,0,0,0,562,994,0,0,0,0,248,1989,0,0,0,0,568,0,0,0,0,0,0,0,0
"96",1020214,4,12,0,0,0,0,0,0,0,0,0,0,0,0,0,0,0,0,0,0,0,0,0,0,0,0,0,0,0,0,0,0,0,0,0,0,0,0,0,0,0,0,0,0,0,0,0,0,0,0,0,0,0,0,0,0,0,0,0,0,0,0,0,0,0,0,178,0,0,0,0,0,0,0,0,0,0,0,0,0,355,0,0,1420,1776,533,178,0,0,0,0,0,0,0,0,0,0,0,0,0,0,0,0,0,0,0,533,0,178,0,0,0,0,0,0,0,0,0,0,1776,0,0,0,0,0,0,0,0,355,178,0,0,0,0,0,0,0,0,0,0,0,0,0,0,0,0,0,0,0
"97",720215,5,12,0,0,0,0,0,0,0,0,0,0,0,0,0,0,0,0,0,0,0,0,0,0,0,0,0,0,0,0,0,0,0,0,0,0,0,0,0,0,0,0,0,0,0,0,0,0,0,0,0,0,0,0,0,0,0,0,0,0,0,0,0,0,0,0,0,0,0,0,0,0,0,142,0,0,0,0,0,0,7386,0,0,0,142,710,0,0,0,0,0,0,0,0,1989,0,0,0,0,0,0,0,0,0,0,0,142,0,142,0,1847,0,0,0,0,0,0,0,0,0,0,0,0,284,0,0,0,0,3551,0,0,0,0,0,0,568,0,0,0,0,0,0,0,0,0,0,0,0,0
"98",820215,5,12,0,0,0,0,0,0,0,0,0,0,0,0,0,0,0,0,0,0,0,0,0,0,0,0,0,0,0,0,0,0,0,0,0,0,0,0,0,0,0,0,0,0,0,0,0,0,0,0,0,0,0,0,0,0,0,0,0,0,0,0,0,0,0,0,142,0,0,0,0,0,568,0,0,0,0,0,0,0,8665,0,0,0,1705,0,0,0,0,0,0,0,0,0,284,0,0,0,0,0,142,0,0,0,0,3835,568,0,0,0,3409,0,0,0,0,0,0,0,0,4545,0,0,0,0,0,0,0,0,0,0,0,0,0,0,0,0,0,0,0,0,0,0,0,568,0,0,0,0,0
"99",920215,5,12,0,0,0,0,0,0,0,0,0,0,0,0,0,0,0,0,0,0,0,0,0,0,0,0,0,0,0,0,0,0,0,0,0,0,0,0,0,0,0,0,0,0,0,0,0,0,0,0,0,0,0,0,0,0,0,0,0,0,0,0,0,0,0,0,0,0,0,0,0,0,0,0,0,0,0,0,0,0,0,0,0,0,0,0,0,0,0,0,0,0,0,0,0,0,0,0,0,0,0,0,0,0,0,0,0,0,0,0,0,0,0,0,0,0,0,0,0,0,0,0,0,0,0,0,0,0,0,0,0,0,0,0,0,0,0,0,0,0,0,0,0,0,0,0,0,0,0
"100",820216,6,12,0,0,0,0,0,0,0,0,0,0,0,0,0,0,0,0,0,0,0,0,0,0,0,0,0,0,0,0,0,0,0,0,0,0,0,0,0,0,0,0,0,0,0,0,0,0,0,0,0,0,0,0,0,0,0,0,0,0,0,0,0,0,0,0,533,0,178,0,0,0,0,0,0,0,0,0,0,0,19709,0,0,0,7102,0,0,0,0,0,0,0,0,0,356,0,0,0,0,0,0,0,0,0,0,1065,10121,0,0,0,7813,0,0,0,0,0,0,0,0,0,0,0,0,0,0,533,0,0,533,1065,0,0,0,0,888,0,0,0,0,0,0,0,0,1776,0,0,0,0,0
